Studio,Offical Page
edfdancestudio,https://www.instagram.com/edfdancestudio/
jmvdancestudiohk,https://www.instagram.com/jmvdancestudiohk/
2livedancestudio,https://www.instagram.com/2livedancestudio/
pulsedancehk,https://www.instagram.com/pulsedancehk/
sodance-studio,https://www.instagram.com/sodancehk/
bling_storm_dance,https://www.instagram.com/bling_storm_dance/
boogiedance,https://www.instagram.com/boogiedancestudio/
projectdancestudio,https://www.instagram.com/projectdancestudio/
sanodancestudio,https://www.instagram.com/sanodancestudio/
warehouse-dance-studio,https://www.instagram.com/warehousedancestudio/
iconic.dance.studio,https://www.instagram.com/iconic.dance.studio/
alive,https://www.instagram.com/a_li_ve/
minia-dance-studio,https://www.instagram.com/mini.a_dance_studio/
xdimensiondance,https://www.instagram.com/xdimensiondance/
zoomrevolutiondancestudio, https://www.instagram.com/zoomrevolutiondancestudio/
miracle.dance.studio,https://www.instagram.com/miracle.dance.studio/
sgm_dance_production,https://www.instagram.com/sgm_dance_production/
muse_moment,https://www.instagram.com/muse_moment/
dancebeat_studio,https://www.instagram.com/dancebeat_studio/
ugstudiohk,https://www.instagram.com/ugstudiohk/
nexus-dance-studio,https://www.instagram.com//nexus-dance-studio/
crystal_dance_studio,https://www.instagram.com/crystal_dance_studio/
dance_lifestyle_hk,https://www.instagram.com/dance_lifestyle_hk/
mia_dance_studio,https://www.instagram.com/mia_dance_studio/
Bedrex,https://www.instagram.com/bedrex_official/
sdshk,https://www.instagram.com/sds.hk/
studiodanz,https://www.instagram.com/studiodanz/
crewplayers,https://www.instagram.com/crewplayers/
studiojunglehk,https://www.instagram.com/studiojungle.hk/
collab_dance,https://www.instagram.com/collab_dance/
neverland,https://www.instagram.com/neverlandhk/
orhythm_hk,https://www.instagram.com/orhythm_hk/
pulsedancehk,https://www.instagram.com/pulsedancehk/
infinitydance_ids,https://www.instagram.com/infinitydance_ids/
unikdanz,https://www.instagram.com/unikdanz/
vibeartdance,https://www.instagram.com/vibeartdance/
FriendsJunction,https://www.instagram.com/fjdance/
bcdc,https://www.instagram.com/bcdchk/
onestowatchdance,https://www.instagram.com/onestowatchdance/
thehurricane.official,https://www.instagram.com/thehurricane.official/
coast70s,https://www.instagram.com/coast70s/
ziberty,https://www.instagram.com/ziberty.sports/
b01dancecomplex,https://www.instagram.com/b01dancecomplex/
showtime.ds,https://www.instagram.com/showtime.ds/
zeekersdanz,https://www.instagram.com/zeekersdanz/
dance@central,https://www.facebook.com/DanceCentralHK/
danceunionsunnywong,https://www.instagram.com/danceunionsunnywong/
atdancehk,https://www.instagram.com/atdancehk/
SODanceStudio,https://zh-hk.facebook.com/SoDanceStudio/
